cluster_file,rmax,n_slices,vol_slice,n_slices_used,n_points,elapsed_sec
config1_leaf00cm_tol40cm_cluster_00_ndvi.las,0.05,30,2.4194628796000197,30,105254,0.9746990610001376
config1_leaf00cm_tol40cm_cluster_00_ndvi.las,0.060840578869549786,30,2.643654767816666,30,105254,0.9138531139997212
config1_leaf00cm_tol40cm_cluster_00_ndvi.las,0.07403152074363813,30,2.906032570149995,30,105254,0.8427106549988821
config1_leaf00cm_tol40cm_cluster_00_ndvi.las,0.09008241153272054,30,3.3408058519000066,30,105254,0.8621397899987642
config1_leaf00cm_tol40cm_cluster_00_ndvi.las,0.10961332127231452,30,3.8699564115166774,30,105254,0.8050067250005668
config1_leaf00cm_tol40cm_cluster_00_ndvi.las,0.133378758360431,30,4.422643330699985,30,105254,0.7780768200009334
config1_leaf00cm_tol40cm_cluster_00_ndvi.las,0.16229681735100848,30,5.323636430249991,30,105254,0.7575429680000525
config1_leaf00cm_tol40cm_cluster_00_ndvi.las,0.19748464632641896,30,6.5636117170833375,30,105254,0.7420964639986778
config1_leaf00cm_tol40cm_cluster_00_ndvi.las,0.24030160400695275,30,8.144860632050015,30,105254,0.7016486720003741
config1_leaf00cm_tol40cm_cluster_00_ndvi.las,0.2924017738212865,30,10.29471109891667,30,105254,0.6879794109991053
config1_leaf00cm_tol40cm_cluster_00_ndvi.las,0.3557978636354049,30,12.571095831400045,30,105254,0.6686632460005058
config1_leaf00cm_tol40cm_cluster_00_ndvi.las,0.4329389596825433,30,14.836791518133357,30,105254,0.6756937229984032
config1_leaf00cm_tol40cm_cluster_00_ndvi.las,0.5268051384453322,30,16.747019602183368,30,105254,0.6458105679994333
config1_leaf00cm_tol40cm_cluster_00_ndvi.las,0.6410225914893466,30,18.315922931900033,30,105254,0.6393138980001822
config1_leaf00cm_tol40cm_cluster_00_ndvi.las,0.7800037106934158,30,19.981221885433353,30,105254,0.638246540000182
config1_leaf00cm_tol40cm_cluster_00_ndvi.las,0.9491175455796848,30,21.811017868866756,30,105254,0.6331411270002718
config1_leaf00cm_tol40cm_cluster_00_ndvi.las,1.1548972177662866,30,23.072587900800105,30,105254,0.6229063320006389
config1_leaf00cm_tol40cm_cluster_00_ndvi.las,1.4052923052746675,30,24.837669377983467,30,105254,0.6282065319992398
config1_leaf00cm_tol40cm_cluster_00_ndvi.las,1.7099759466766964,30,26.297178458450183,30,105254,0.6463082689988369
config1_leaf00cm_tol40cm_cluster_00_ndvi.las,2.080718528976332,30,27.714779325283455,30,105254,0.6474951630007126
config1_leaf00cm_tol40cm_cluster_00_ndvi.las,2.5318423953503633,30,28.829366594216776,30,105254,0.6528068119987438
config1_leaf00cm_tol40cm_cluster_00_ndvi.las,3.0807751387916715,30,30.283063106633456,30,105254,0.6436537399986264
config1_leaf00cm_tol40cm_cluster_00_ndvi.las,3.748722856220058,30,31.511430847816907,30,105254,0.6167655640001612
config1_leaf00cm_tol40cm_cluster_00_ndvi.las,4.561489371878808,30,32.51865845403341,30,105254,0.6237411860001885
config1_leaf00cm_tol40cm_cluster_00_ndvi.las,5.550473077848112,30,34.207785886716934,30,105254,0.6135929069987469
config1_leaf00cm_tol40cm_cluster_00_ndvi.las,6.753879901122618,30,35.5038443792336,30,105254,0.6183942549996573
config1_leaf00cm_tol40cm_cluster_00_ndvi.las,8.218199255994355,30,36.35594939990043,30,105254,0.6086802959998749
config1_leaf00cm_tol40cm_cluster_00_ndvi.las,10.0,30,36.821360225733834,30,105254,0.6209810910004308
config1_leaf00cm_tol40cm_cluster_01_ndvi.las,0.05,30,2.51416664273333,30,104017,0.8837861629999679
config1_leaf00cm_tol40cm_cluster_01_ndvi.las,0.060840578869549786,30,2.7269292522333046,30,104017,0.8568048969991651
config1_leaf00cm_tol40cm_cluster_01_ndvi.las,0.07403152074363813,30,2.9848080944666373,30,104017,0.8325097040014953
config1_leaf00cm_tol40cm_cluster_01_ndvi.las,0.09008241153272054,30,3.4698022386999794,30,104017,0.8025890349999827
config1_leaf00cm_tol40cm_cluster_01_ndvi.las,0.10961332127231452,30,3.9398148012999723,30,104017,0.7615400689992384
config1_leaf00cm_tol40cm_cluster_01_ndvi.las,0.133378758360431,30,4.702628831966679,30,104017,0.7510335450006096
config1_leaf00cm_tol40cm_cluster_01_ndvi.las,0.16229681735100848,30,5.602401609966633,30,104017,0.7171603810002125
config1_leaf00cm_tol40cm_cluster_01_ndvi.las,0.19748464632641896,30,6.744557830566567,30,104017,0.7071712689994456
config1_leaf00cm_tol40cm_cluster_01_ndvi.las,0.24030160400695275,30,8.153669699233214,30,104017,0.6898985150000954
config1_leaf00cm_tol40cm_cluster_01_ndvi.las,0.2924017738212865,30,9.79602920596653,30,104017,0.6745466709999164
config1_leaf00cm_tol40cm_cluster_01_ndvi.las,0.3557978636354049,30,12.269903222299808,30,104017,0.6718384839987266
config1_leaf00cm_tol40cm_cluster_01_ndvi.las,0.4329389596825433,30,14.690585585733158,30,104017,0.672058599000593
config1_leaf00cm_tol40cm_cluster_01_ndvi.las,0.5268051384453322,30,17.018950647799866,30,104017,0.6324468109996815
config1_leaf00cm_tol40cm_cluster_01_ndvi.las,0.6410225914893466,30,19.330669598899853,30,104017,0.631694180001432
config1_leaf00cm_tol40cm_cluster_01_ndvi.las,0.7800037106934158,30,21.412981249633127,30,104017,0.6245869169997604
config1_leaf00cm_tol40cm_cluster_01_ndvi.las,0.9491175455796848,30,23.20469912836638,30,104017,0.6208448979996319
config1_leaf00cm_tol40cm_cluster_01_ndvi.las,1.1548972177662866,30,25.34219414376647,30,104017,0.6396686659991246
config1_leaf00cm_tol40cm_cluster_01_ndvi.las,1.4052923052746675,30,26.891897418599832,30,104017,0.6347820780010807
config1_leaf00cm_tol40cm_cluster_01_ndvi.las,1.7099759466766964,30,28.572850509666452,30,104017,0.6099230039999384
config1_leaf00cm_tol40cm_cluster_01_ndvi.las,2.080718528976332,30,29.794815833866398,30,104017,0.6353378530002374
config1_leaf00cm_tol40cm_cluster_01_ndvi.las,2.5318423953503633,30,31.348054210966335,30,104017,0.6067923370010249
config1_leaf00cm_tol40cm_cluster_01_ndvi.las,3.0807751387916715,30,32.9743674913998,30,104017,0.5982611559993529
config1_leaf00cm_tol40cm_cluster_01_ndvi.las,3.748722856220058,30,34.15990015009984,30,104017,0.627644493999469
config1_leaf00cm_tol40cm_cluster_01_ndvi.las,4.561489371878808,30,35.59152477799972,30,104017,0.5932051579984545
config1_leaf00cm_tol40cm_cluster_01_ndvi.las,5.550473077848112,30,36.62347792503312,30,104017,0.5992593370010582
config1_leaf00cm_tol40cm_cluster_01_ndvi.las,6.753879901122618,30,38.21481504616655,30,104017,0.5895969229986804
config1_leaf00cm_tol40cm_cluster_01_ndvi.las,8.218199255994355,30,39.475973150833276,30,104017,0.5999131629996555
config1_leaf00cm_tol40cm_cluster_01_ndvi.las,10.0,30,40.63226156113307,30,104017,0.5948089490011625
config1_leaf00cm_tol40cm_cluster_02_ndvi.las,0.05,30,2.4248345005499776,30,103085,0.896333530999982
config1_leaf00cm_tol40cm_cluster_02_ndvi.las,0.060840578869549786,30,2.7286725427499787,30,103085,0.8373947849995602
config1_leaf00cm_tol40cm_cluster_02_ndvi.las,0.07403152074363813,30,3.0002528016999843,30,103085,0.8234186300014699
config1_leaf00cm_tol40cm_cluster_02_ndvi.las,0.09008241153272054,30,3.3408051599999915,30,103085,0.7931542259993876
config1_leaf00cm_tol40cm_cluster_02_ndvi.las,0.10961332127231452,30,3.814306407449992,30,103085,0.7808825060001254
config1_leaf00cm_tol40cm_cluster_02_ndvi.las,0.133378758360431,30,4.69149530850002,30,103085,0.7401696569995693
config1_leaf00cm_tol40cm_cluster_02_ndvi.las,0.16229681735100848,30,5.35631263860005,30,103085,0.7224109170001611
config1_leaf00cm_tol40cm_cluster_02_ndvi.las,0.19748464632641896,30,6.57485033205001,30,103085,0.6939642659999663
config1_leaf00cm_tol40cm_cluster_02_ndvi.las,0.24030160400695275,30,8.364051438050089,30,103085,0.6765978959992935
config1_leaf00cm_tol40cm_cluster_02_ndvi.las,0.2924017738212865,30,11.026839704649966,30,103085,0.6532917439999437
config1_leaf00cm_tol40cm_cluster_02_ndvi.las,0.3557978636354049,30,13.366201317699979,30,103085,0.6506729489992722
config1_leaf00cm_tol40cm_cluster_02_ndvi.las,0.4329389596825433,30,15.61053016600004,30,103085,0.6320204099993134
config1_leaf00cm_tol40cm_cluster_02_ndvi.las,0.5268051384453322,30,17.27027502970006,30,103085,0.6313103789998422
config1_leaf00cm_tol40cm_cluster_02_ndvi.las,0.6410225914893466,30,18.801480698000095,30,103085,0.6350505219998013
config1_leaf00cm_tol40cm_cluster_02_ndvi.las,0.7800037106934158,30,21.204036261100068,30,103085,0.6217702829999325
config1_leaf00cm_tol40cm_cluster_02_ndvi.las,0.9491175455796848,30,23.15307710869993,30,103085,0.6317818299994542
config1_leaf00cm_tol40cm_cluster_02_ndvi.las,1.1548972177662866,30,24.765321280699894,30,103085,0.6071842920009658
config1_leaf00cm_tol40cm_cluster_02_ndvi.las,1.4052923052746675,30,27.135568452299932,30,103085,0.6179677759992046
config1_leaf00cm_tol40cm_cluster_02_ndvi.las,1.7099759466766964,30,28.80843719984996,30,103085,0.6230143209995731
config1_leaf00cm_tol40cm_cluster_02_ndvi.las,2.080718528976332,30,29.926970577350016,30,103085,0.6105998139992153
config1_leaf00cm_tol40cm_cluster_02_ndvi.las,2.5318423953503633,30,30.997882184499947,30,103085,0.6041371880000952
config1_leaf00cm_tol40cm_cluster_02_ndvi.las,3.0807751387916715,30,31.708674971049852,30,103085,0.6021002300003602
config1_leaf00cm_tol40cm_cluster_02_ndvi.las,3.748722856220058,30,33.411846668199985,30,103085,0.6230412170007185
config1_leaf00cm_tol40cm_cluster_02_ndvi.las,4.561489371878808,30,34.34778941824994,30,103085,0.6144827879998047
config1_leaf00cm_tol40cm_cluster_02_ndvi.las,5.550473077848112,30,35.161627970700096,30,103085,0.6002621669995278
config1_leaf00cm_tol40cm_cluster_02_ndvi.las,6.753879901122618,30,36.113730760800046,30,103085,0.5966365490003227
config1_leaf00cm_tol40cm_cluster_02_ndvi.las,8.218199255994355,30,36.50274257245009,30,103085,0.5970548559998861
config1_leaf00cm_tol40cm_cluster_02_ndvi.las,10.0,30,37.248814010099984,30,103085,0.5925300700000662
config1_leaf00cm_tol40cm_cluster_03_ndvi.las,0.05,30,2.407702002666669,30,101210,0.859853755999211
config1_leaf00cm_tol40cm_cluster_03_ndvi.las,0.060840578869549786,30,2.640202325600012,30,101210,0.8367494429985527
config1_leaf00cm_tol40cm_cluster_03_ndvi.las,0.07403152074363813,30,2.9622895085333494,30,101210,0.832398734999515
config1_leaf00cm_tol40cm_cluster_03_ndvi.las,0.09008241153272054,30,3.2683454992000067,30,101210,0.796990969000035
config1_leaf00cm_tol40cm_cluster_03_ndvi.las,0.10961332127231452,30,3.7088350316000436,30,101210,0.7768034790005913
config1_leaf00cm_tol40cm_cluster_03_ndvi.las,0.133378758360431,30,4.285920059333367,30,101210,0.7413626569996268
config1_leaf00cm_tol40cm_cluster_03_ndvi.las,0.16229681735100848,30,5.090283192799986,30,101210,0.7223494390000269
config1_leaf00cm_tol40cm_cluster_03_ndvi.las,0.19748464632641896,30,5.917882903733346,30,101210,0.7020620800012694
config1_leaf00cm_tol40cm_cluster_03_ndvi.las,0.24030160400695275,30,7.733384649599991,30,101210,0.6767979460000788
config1_leaf00cm_tol40cm_cluster_03_ndvi.las,0.2924017738212865,30,9.829763747999992,30,101210,0.6698767629986833
config1_leaf00cm_tol40cm_cluster_03_ndvi.las,0.3557978636354049,30,11.704317242400046,30,101210,0.6637973050001165
config1_leaf00cm_tol40cm_cluster_03_ndvi.las,0.4329389596825433,30,14.156665773733364,30,101210,0.6473936780002987
config1_leaf00cm_tol40cm_cluster_03_ndvi.las,0.5268051384453322,30,16.348513544666744,30,101210,0.6581946459991741
config1_leaf00cm_tol40cm_cluster_03_ndvi.las,0.6410225914893466,30,18.59505560333331,30,101210,0.6268743319997157
config1_leaf00cm_tol40cm_cluster_03_ndvi.las,0.7800037106934158,30,20.32099849226671,30,101210,0.6327026590006426
config1_leaf00cm_tol40cm_cluster_03_ndvi.las,0.9491175455796848,30,21.743820454133427,30,101210,0.6224347759998636
config1_leaf00cm_tol40cm_cluster_03_ndvi.las,1.1548972177662866,30,24.177747182666696,30,101210,0.6214955450013804
config1_leaf00cm_tol40cm_cluster_03_ndvi.las,1.4052923052746675,30,26.5055826446667,30,101210,0.6101195709998137
config1_leaf00cm_tol40cm_cluster_03_ndvi.las,1.7099759466766964,30,27.733093983733315,30,101210,0.6126244099996256
config1_leaf00cm_tol40cm_cluster_03_ndvi.las,2.080718528976332,30,29.268621069066764,30,101210,0.6078154340011679
config1_leaf00cm_tol40cm_cluster_03_ndvi.las,2.5318423953503633,30,31.37797539466684,30,101210,0.6068620860005467
config1_leaf00cm_tol40cm_cluster_03_ndvi.las,3.0807751387916715,30,32.64839202253347,30,101210,0.6088920809997944
config1_leaf00cm_tol40cm_cluster_03_ndvi.las,3.748722856220058,30,34.58752584706655,30,101210,0.5989462729994557
config1_leaf00cm_tol40cm_cluster_03_ndvi.las,4.561489371878808,30,36.15847109426651,30,101210,0.5952306529998168
config1_leaf00cm_tol40cm_cluster_03_ndvi.las,5.550473077848112,30,37.15393545959985,30,101210,0.6154690870007471
config1_leaf00cm_tol40cm_cluster_03_ndvi.las,6.753879901122618,30,38.43514812519967,30,101210,0.5945562659999268
config1_leaf00cm_tol40cm_cluster_03_ndvi.las,8.218199255994355,30,40.01360023919942,30,101210,0.6104884230007883
config1_leaf00cm_tol40cm_cluster_03_ndvi.las,10.0,30,40.94235683426597,30,101210,0.6004993810001906
config1_leaf00cm_tol40cm_cluster_04_ndvi.las,0.05,30,2.3867414085000345,30,100102,0.8645319219995145
config1_leaf00cm_tol40cm_cluster_04_ndvi.las,0.060840578869549786,30,2.5957627836000476,30,100102,0.827495314000771
config1_leaf00cm_tol40cm_cluster_04_ndvi.las,0.07403152074363813,30,2.8668410979000556,30,100102,0.8543346610003937
config1_leaf00cm_tol40cm_cluster_04_ndvi.las,0.09008241153272054,30,3.134963841300078,30,100102,0.7709831809988827
config1_leaf00cm_tol40cm_cluster_04_ndvi.las,0.10961332127231452,30,3.6142000071000657,30,100102,0.7578726909996476
config1_leaf00cm_tol40cm_cluster_04_ndvi.las,0.133378758360431,30,4.365535720200088,30,100102,0.7441833749999205
config1_leaf00cm_tol40cm_cluster_04_ndvi.las,0.16229681735100848,30,5.1153183585000885,30,100102,0.7247082850008155
config1_leaf00cm_tol40cm_cluster_04_ndvi.las,0.19748464632641896,30,6.047814550800095,30,100102,0.6852655190014048
config1_leaf00cm_tol40cm_cluster_04_ndvi.las,0.24030160400695275,30,7.750159254600062,30,100102,0.6714093350001349
config1_leaf00cm_tol40cm_cluster_04_ndvi.las,0.2924017738212865,30,9.75895125359999,30,100102,0.6688637450006354
config1_leaf00cm_tol40cm_cluster_04_ndvi.las,0.3557978636354049,30,12.114533379600031,30,100102,0.6264531350007019
config1_leaf00cm_tol40cm_cluster_04_ndvi.las,0.4329389596825433,30,14.20055290290006,30,100102,0.6207308670000202
config1_leaf00cm_tol40cm_cluster_04_ndvi.las,0.5268051384453322,30,16.249235497200086,30,100102,0.6222938509999949
config1_leaf00cm_tol40cm_cluster_04_ndvi.las,0.6410225914893466,30,18.2112449334,30,100102,0.627961205000247
config1_leaf00cm_tol40cm_cluster_04_ndvi.las,0.7800037106934158,30,19.744855758000053,30,100102,0.6047063780006283
config1_leaf00cm_tol40cm_cluster_04_ndvi.las,0.9491175455796848,30,21.253632981599985,30,100102,0.6158723450007528
config1_leaf00cm_tol40cm_cluster_04_ndvi.las,1.1548972177662866,30,22.91084006250001,30,100102,0.6354033949992299
config1_leaf00cm_tol40cm_cluster_04_ndvi.las,1.4052923052746675,30,24.55099092599989,30,100102,0.5973653740002192
config1_leaf00cm_tol40cm_cluster_04_ndvi.las,1.7099759466766964,30,25.930513370099835,30,100102,0.6133948819988291
config1_leaf00cm_tol40cm_cluster_04_ndvi.las,2.080718528976332,30,27.14585344829967,30,100102,0.599633810999876
config1_leaf00cm_tol40cm_cluster_04_ndvi.las,2.5318423953503633,30,28.081847353199752,30,100102,0.5990933610009961
config1_leaf00cm_tol40cm_cluster_04_ndvi.las,3.0807751387916715,30,29.503150278299643,30,100102,0.601551030000337
config1_leaf00cm_tol40cm_cluster_04_ndvi.las,3.748722856220058,30,31.013966715299805,30,100102,0.5974458420005249
config1_leaf00cm_tol40cm_cluster_04_ndvi.las,4.561489371878808,30,32.38246267859989,30,100102,0.5925814000001992
config1_leaf00cm_tol40cm_cluster_04_ndvi.las,5.550473077848112,30,33.58243876709996,30,100102,0.5869759040015197
config1_leaf00cm_tol40cm_cluster_04_ndvi.las,6.753879901122618,30,34.47528192899989,30,100102,0.6193707160000486
config1_leaf00cm_tol40cm_cluster_04_ndvi.las,8.218199255994355,30,35.50135221239993,30,100102,0.6176389249994827
config1_leaf00cm_tol40cm_cluster_04_ndvi.las,10.0,30,37.0064365673997,30,100102,0.5848648939991108
config1_leaf00cm_tol40cm_cluster_05_ndvi.las,0.05,30,2.051950812666628,30,95462,0.8495405739995476
config1_leaf00cm_tol40cm_cluster_05_ndvi.las,0.060840578869549786,30,2.2433721826666044,30,95462,0.8191218869997101
config1_leaf00cm_tol40cm_cluster_05_ndvi.las,0.07403152074363813,30,2.4815024366666067,30,95462,0.7487143990001641
config1_leaf00cm_tol40cm_cluster_05_ndvi.las,0.09008241153272054,30,2.7856375639999484,30,95462,0.728914043000259
config1_leaf00cm_tol40cm_cluster_05_ndvi.las,0.10961332127231452,30,3.1575164126666104,30,95462,0.7082572250001249
config1_leaf00cm_tol40cm_cluster_05_ndvi.las,0.133378758360431,30,3.6730875586666296,30,95462,0.6837497239994264
config1_leaf00cm_tol40cm_cluster_05_ndvi.las,0.16229681735100848,30,4.465885544666648,30,95462,0.6570204270010436
config1_leaf00cm_tol40cm_cluster_05_ndvi.las,0.19748464632641896,30,5.621960611999951,30,95462,0.627718375000768
config1_leaf00cm_tol40cm_cluster_05_ndvi.las,0.24030160400695275,30,7.218236056000044,30,95462,0.6085354950009787
config1_leaf00cm_tol40cm_cluster_05_ndvi.las,0.2924017738212865,30,9.213576840666677,30,95462,0.5948499200003425
config1_leaf00cm_tol40cm_cluster_05_ndvi.las,0.3557978636354049,30,11.276926217333365,30,95462,0.5821686830004182
config1_leaf00cm_tol40cm_cluster_05_ndvi.las,0.4329389596825433,30,13.253556056666712,30,95462,0.588409154999681
config1_leaf00cm_tol40cm_cluster_05_ndvi.las,0.5268051384453322,30,15.572943328000093,30,95462,0.5720238499998231
config1_leaf00cm_tol40cm_cluster_05_ndvi.las,0.6410225914893466,30,17.28359420533334,30,95462,0.5861630250001326
config1_leaf00cm_tol40cm_cluster_05_ndvi.las,0.7800037106934158,30,18.971992052666778,30,95462,0.6322448310002073
config1_leaf00cm_tol40cm_cluster_05_ndvi.las,0.9491175455796848,30,20.822923060666795,30,95462,0.5763890409998567
config1_leaf00cm_tol40cm_cluster_05_ndvi.las,1.1548972177662866,30,22.344710060666777,30,95462,0.555223837000085
config1_leaf00cm_tol40cm_cluster_05_ndvi.las,1.4052923052746675,30,24.2728197946669,30,95462,0.5512234510006238
config1_leaf00cm_tol40cm_cluster_05_ndvi.las,1.7099759466766964,30,25.941108082000365,30,95462,0.5516274239998893
config1_leaf00cm_tol40cm_cluster_05_ndvi.las,2.080718528976332,30,27.117149811333697,30,95462,0.54763975700007
config1_leaf00cm_tol40cm_cluster_05_ndvi.las,2.5318423953503633,30,28.135746422000345,30,95462,0.5490658940016147
config1_leaf00cm_tol40cm_cluster_05_ndvi.las,3.0807751387916715,30,29.539832552000338,30,95462,0.5408511909990921
config1_leaf00cm_tol40cm_cluster_05_ndvi.las,3.748722856220058,30,31.138310466000327,30,95462,0.5322141340002418
config1_leaf00cm_tol40cm_cluster_05_ndvi.las,4.561489371878808,30,32.74350789000028,30,95462,0.5507033039993985
config1_leaf00cm_tol40cm_cluster_05_ndvi.las,5.550473077848112,30,34.13350871400036,30,95462,0.5716441620006663
config1_leaf00cm_tol40cm_cluster_05_ndvi.las,6.753879901122618,30,35.269653856666935,30,95462,0.5461133499993593
config1_leaf00cm_tol40cm_cluster_05_ndvi.las,8.218199255994355,30,36.249690584666936,30,95462,0.5543431299993244
config1_leaf00cm_tol40cm_cluster_05_ndvi.las,10.0,30,37.053083948000214,30,95462,0.5691061329998774
config1_leaf00cm_tol40cm_cluster_06_ndvi.las,0.05,30,1.9819456026999829,30,95017,0.854904424999404
config1_leaf00cm_tol40cm_cluster_06_ndvi.las,0.060840578869549786,30,2.1542225683999843,30,95017,0.824067493000257
config1_leaf00cm_tol40cm_cluster_06_ndvi.las,0.07403152074363813,30,2.4289483158499903,30,95017,0.7857973829995899
config1_leaf00cm_tol40cm_cluster_06_ndvi.las,0.09008241153272054,30,2.7327068387499764,30,95017,0.7852113349999854
config1_leaf00cm_tol40cm_cluster_06_ndvi.las,0.10961332127231452,30,3.144590851849969,30,95017,0.7344815550004569
config1_leaf00cm_tol40cm_cluster_06_ndvi.las,0.133378758360431,30,3.59889552855,30,95017,0.7094143349986552
config1_leaf00cm_tol40cm_cluster_06_ndvi.las,0.16229681735100848,30,4.409691623749995,30,95017,0.7123986160004279
config1_leaf00cm_tol40cm_cluster_06_ndvi.las,0.19748464632641896,30,5.422107171600023,30,95017,0.6779900569999882
config1_leaf00cm_tol40cm_cluster_06_ndvi.las,0.24030160400695275,30,6.693275105649969,30,95017,0.7291427639993344
config1_leaf00cm_tol40cm_cluster_06_ndvi.las,0.2924017738212865,30,8.705458063049967,30,95017,0.7411360860005516
config1_leaf00cm_tol40cm_cluster_06_ndvi.las,0.3557978636354049,30,10.374950713399878,30,95017,0.6767396220002411
config1_leaf00cm_tol40cm_cluster_06_ndvi.las,0.4329389596825433,30,12.450140412149878,30,95017,0.6692184980001912
config1_leaf00cm_tol40cm_cluster_06_ndvi.las,0.5268051384453322,30,14.343135261699867,30,95017,0.6359265860010055
config1_leaf00cm_tol40cm_cluster_06_ndvi.las,0.6410225914893466,30,16.146297485499872,30,95017,0.6384941950000211
config1_leaf00cm_tol40cm_cluster_06_ndvi.las,0.7800037106934158,30,17.72829424029989,30,95017,0.6723537779998878
config1_leaf00cm_tol40cm_cluster_06_ndvi.las,0.9491175455796848,30,19.665472300249917,30,95017,0.6379423969992786
config1_leaf00cm_tol40cm_cluster_06_ndvi.las,1.1548972177662866,30,21.818581367799972,30,95017,0.6355673859998205
config1_leaf00cm_tol40cm_cluster_06_ndvi.las,1.4052923052746675,30,23.607532739700055,30,95017,0.662103720000232
config1_leaf00cm_tol40cm_cluster_06_ndvi.las,1.7099759466766964,30,25.248657314650032,30,95017,0.62997930200072
config1_leaf00cm_tol40cm_cluster_06_ndvi.las,2.080718528976332,30,27.177138960300105,30,95017,0.6311131809998187
config1_leaf00cm_tol40cm_cluster_06_ndvi.las,2.5318423953503633,30,28.592660990249996,30,95017,0.6442050210007437
config1_leaf00cm_tol40cm_cluster_06_ndvi.las,3.0807751387916715,30,29.38242040929989,30,95017,0.6321398159998353
config1_leaf00cm_tol40cm_cluster_06_ndvi.las,3.748722856220058,30,30.738509888449876,30,95017,0.6264335319992824
config1_leaf00cm_tol40cm_cluster_06_ndvi.las,4.561489371878808,30,31.910656240049786,30,95017,0.609645354001259
config1_leaf00cm_tol40cm_cluster_06_ndvi.las,5.550473077848112,30,33.173033535599835,30,95017,0.6109946050000872
config1_leaf00cm_tol40cm_cluster_06_ndvi.las,6.753879901122618,30,34.871187157799774,30,95017,0.6126983930007555
config1_leaf00cm_tol40cm_cluster_06_ndvi.las,8.218199255994355,30,35.64053497864974,30,95017,0.6094370350001554
config1_leaf00cm_tol40cm_cluster_06_ndvi.las,10.0,30,36.73961484479972,30,95017,0.6029763330006972
config1_leaf00cm_tol40cm_cluster_07_ndvi.las,0.05,30,1.7965116735999627,30,90680,0.8618080569995072
config1_leaf00cm_tol40cm_cluster_07_ndvi.las,0.060840578869549786,30,1.9537837231999717,30,90680,0.8259370300002047
config1_leaf00cm_tol40cm_cluster_07_ndvi.las,0.07403152074363813,30,2.2002959935999695,30,90680,0.8393563680001535
config1_leaf00cm_tol40cm_cluster_07_ndvi.las,0.09008241153272054,30,2.5153262207999756,30,90680,0.7798978649989294
config1_leaf00cm_tol40cm_cluster_07_ndvi.las,0.10961332127231452,30,2.90094440480001,30,90680,0.7608702880006604
config1_leaf00cm_tol40cm_cluster_07_ndvi.las,0.133378758360431,30,3.4397967216000374,30,90680,0.7716920769998978
config1_leaf00cm_tol40cm_cluster_07_ndvi.las,0.16229681735100848,30,4.1434924672000415,30,90680,0.7239887030009413
config1_leaf00cm_tol40cm_cluster_07_ndvi.las,0.19748464632641896,30,4.982702556799993,30,90680,0.7111947220000729
config1_leaf00cm_tol40cm_cluster_07_ndvi.las,0.24030160400695275,30,6.356074987199939,30,90680,0.7172066479997738
config1_leaf00cm_tol40cm_cluster_07_ndvi.las,0.2924017738212865,30,8.301298220799906,30,90680,0.6623366559997521
config1_leaf00cm_tol40cm_cluster_07_ndvi.las,0.3557978636354049,30,10.371092913599949,30,90680,0.657513337000637
config1_leaf00cm_tol40cm_cluster_07_ndvi.las,0.4329389596825433,30,12.079770347199894,30,90680,0.6149838199999067
config1_leaf00cm_tol40cm_cluster_07_ndvi.las,0.5268051384453322,30,14.210553238399818,30,90680,0.5900037660012458
config1_leaf00cm_tol40cm_cluster_07_ndvi.las,0.6410225914893466,30,15.797268222399882,30,90680,0.5478753150000557
config1_leaf00cm_tol40cm_cluster_07_ndvi.las,0.7800037106934158,30,17.173038025599936,30,90680,0.5682856749990606
config1_leaf00cm_tol40cm_cluster_07_ndvi.las,0.9491175455796848,30,18.799516071999836,30,90680,0.5638042759983364
config1_leaf00cm_tol40cm_cluster_07_ndvi.las,1.1548972177662866,30,19.903295529599873,30,90680,0.5580701930011855
config1_leaf00cm_tol40cm_cluster_07_ndvi.las,1.4052923052746675,30,20.956695492799838,30,90680,0.5321442050008045
config1_leaf00cm_tol40cm_cluster_07_ndvi.las,1.7099759466766964,30,22.063656052799782,30,90680,0.5323608810012956
config1_leaf00cm_tol40cm_cluster_07_ndvi.las,2.080718528976332,30,23.22382223679981,30,90680,0.5363456039995071
config1_leaf00cm_tol40cm_cluster_07_ndvi.las,2.5318423953503633,30,24.24953391679992,30,90680,0.5181554360005975
config1_leaf00cm_tol40cm_cluster_07_ndvi.las,3.0807751387916715,30,25.610382718399904,30,90680,0.5592149719996087
config1_leaf00cm_tol40cm_cluster_07_ndvi.las,3.748722856220058,30,26.69894427199986,30,90680,0.5350391100000707
config1_leaf00cm_tol40cm_cluster_07_ndvi.las,4.561489371878808,30,27.993779319999827,30,90680,0.5377991330005898
config1_leaf00cm_tol40cm_cluster_07_ndvi.las,5.550473077848112,30,29.15381030079988,30,90680,0.524782476000837
config1_leaf00cm_tol40cm_cluster_07_ndvi.las,6.753879901122618,30,30.367251660799948,30,90680,0.5343122159993072
config1_leaf00cm_tol40cm_cluster_07_ndvi.las,8.218199255994355,30,31.48388447519999,30,90680,0.52186279200032
config1_leaf00cm_tol40cm_cluster_07_ndvi.las,10.0,30,32.49783531679992,30,90680,0.5221134099992923
config1_leaf00cm_tol40cm_cluster_08_ndvi.las,0.05,30,2.0216935747333467,30,88865,0.7606341569990036
config1_leaf00cm_tol40cm_cluster_08_ndvi.las,0.060840578869549786,30,2.197549163800005,30,88865,0.7357064130010258
config1_leaf00cm_tol40cm_cluster_08_ndvi.las,0.07403152074363813,30,2.4725931065333353,30,88865,0.7036222530005034
config1_leaf00cm_tol40cm_cluster_08_ndvi.las,0.09008241153272054,30,2.7392935482666845,30,88865,0.6777137299995957
config1_leaf00cm_tol40cm_cluster_08_ndvi.las,0.10961332127231452,30,3.0518401837333338,30,88865,0.6846702949987957
config1_leaf00cm_tol40cm_cluster_08_ndvi.las,0.133378758360431,30,3.5140222697999657,30,88865,0.6432230529990193
config1_leaf00cm_tol40cm_cluster_08_ndvi.las,0.16229681735100848,30,4.319186849933315,30,88865,0.6254477170004975
config1_leaf00cm_tol40cm_cluster_08_ndvi.las,0.19748464632641896,30,5.144682815200007,30,88865,0.6385922329991445
config1_leaf00cm_tol40cm_cluster_08_ndvi.las,0.24030160400695275,30,6.702711179866699,30,88865,0.5879280690005544
config1_leaf00cm_tol40cm_cluster_08_ndvi.las,0.2924017738212865,30,8.592859991666627,30,88865,0.5741327559990168
config1_leaf00cm_tol40cm_cluster_08_ndvi.las,0.3557978636354049,30,10.356383109733304,30,88865,0.5651665440000215
config1_leaf00cm_tol40cm_cluster_08_ndvi.las,0.4329389596825433,30,12.116522773799995,30,88865,0.5483624580010655
config1_leaf00cm_tol40cm_cluster_08_ndvi.las,0.5268051384453322,30,13.645308299199971,30,88865,0.5308031389995449
config1_leaf00cm_tol40cm_cluster_08_ndvi.las,0.6410225914893466,30,15.096433300533358,30,88865,0.5289234849988134
config1_leaf00cm_tol40cm_cluster_08_ndvi.las,0.7800037106934158,30,16.324597473066778,30,88865,0.5263781949997792
config1_leaf00cm_tol40cm_cluster_08_ndvi.las,0.9491175455796848,30,17.532519850400035,30,88865,0.5369059479999123
config1_leaf00cm_tol40cm_cluster_08_ndvi.las,1.1548972177662866,30,18.642337289133394,30,88865,0.5285848950006766
config1_leaf00cm_tol40cm_cluster_08_ndvi.las,1.4052923052746675,30,20.1454729401335,30,88865,0.5545912659999885
config1_leaf00cm_tol40cm_cluster_08_ndvi.las,1.7099759466766964,30,21.34324479040014,30,88865,0.5130044249999628
config1_leaf00cm_tol40cm_cluster_08_ndvi.las,2.080718528976332,30,22.556005643133496,30,88865,0.5183130540008278
config1_leaf00cm_tol40cm_cluster_08_ndvi.las,2.5318423953503633,30,23.59534151346688,30,88865,0.5268062919985823
config1_leaf00cm_tol40cm_cluster_08_ndvi.las,3.0807751387916715,30,24.46105844806681,30,88865,0.5160560109998187
config1_leaf00cm_tol40cm_cluster_08_ndvi.las,3.748722856220058,30,25.247003078200194,30,88865,0.5197419559990522
config1_leaf00cm_tol40cm_cluster_08_ndvi.las,4.561489371878808,30,26.42849291753351,30,88865,0.5253949029993237
config1_leaf00cm_tol40cm_cluster_08_ndvi.las,5.550473077848112,30,27.54956328106688,30,88865,0.5253328180006065
config1_leaf00cm_tol40cm_cluster_08_ndvi.las,6.753879901122618,30,28.521830542666937,30,88865,0.5253660300004412
config1_leaf00cm_tol40cm_cluster_08_ndvi.las,8.218199255994355,30,29.48095536133356,30,88865,0.5141503060003743
config1_leaf00cm_tol40cm_cluster_08_ndvi.las,10.0,30,30.43459827473336,30,88865,0.5153905560000567
